contract_address,block_time,tx_hash,creator_address
0x35935b90ce3fa4408a8b821bea6d50894ac088ef,2025-05-21 22:49,0x39da34b4e4f19eb03e1ce9ab1710c6934fa109f6f7ec6b9b4f3c986b6c988c26,0x9ec1c3dcf667f2035fb4cd2eb42a1566fd54d2b7
0xbc60d834907005e0749036df6788212981e0d0db,2025-05-21 22:49,0x39da34b4e4f19eb03e1ce9ab1710c6934fa109f6f7ec6b9b4f3c986b6c988c26,0x9ec1c3dcf667f2035fb4cd2eb42a1566fd54d2b7
0x82abbe34b77464c69379ce331b4082ab8c60e9a9,2025-05-21 22:49,0x39da34b4e4f19eb03e1ce9ab1710c6934fa109f6f7ec6b9b4f3c986b6c988c26,0x9ec1c3dcf667f2035fb4cd2eb42a1566fd54d2b7
0xb9eebb6f1450357d4a5d574b3ad82940118db128,2025-05-21 22:49,0x39da34b4e4f19eb03e1ce9ab1710c6934fa109f6f7ec6b9b4f3c986b6c988c26,0x9ec1c3dcf667f2035fb4cd2eb42a1566fd54d2b7
0x10bcebd37e71d87755d97590fac254c9136fe8e8,2025-05-21 22:49,0x39da34b4e4f19eb03e1ce9ab1710c6934fa109f6f7ec6b9b4f3c986b6c988c26,0x9ec1c3dcf667f2035fb4cd2eb42a1566fd54d2b7
0xcd73f542d825243f020fae4ac57e9d6da4f84dc8,2025-05-21 22:49,0x39da34b4e4f19eb03e1ce9ab1710c6934fa109f6f7ec6b9b4f3c986b6c988c26,0x9ec1c3dcf667f2035fb4cd2eb42a1566fd54d2b7
0xbbe0d0d0e8ff92ea63ce57fa17f8d9fa5cf98291,2025-05-21 22:49,0x39da34b4e4f19eb03e1ce9ab1710c6934fa109f6f7ec6b9b4f3c986b6c988c26,0x9ec1c3dcf667f2035fb4cd2eb42a1566fd54d2b7
0x84fc4b14d1669f34b0a918ca8de3b74c9a2077b5,2025-05-21 22:49,0x39da34b4e4f19eb03e1ce9ab1710c6934fa109f6f7ec6b9b4f3c986b6c988c26,0x9ec1c3dcf667f2035fb4cd2eb42a1566fd54d2b7
0x46c4858cac58c5b9dc3b14dd936909091fe7bc0c,2025-05-21 22:49,0x39da34b4e4f19eb03e1ce9ab1710c6934fa109f6f7ec6b9b4f3c986b6c988c26,0x9ec1c3dcf667f2035fb4cd2eb42a1566fd54d2b7
0xa189cb6d9ceb5ca08c216d66d83d74623d533d06,2025-05-21 22:49,0x39da34b4e4f19eb03e1ce9ab1710c6934fa109f6f7ec6b9b4f3c986b6c988c26,0x9ec1c3dcf667f2035fb4cd2eb42a1566fd54d2b7
0xf15c7307e6097981da053139e57994062204682c,2025-05-21 22:49,0x39da34b4e4f19eb03e1ce9ab1710c6934fa109f6f7ec6b9b4f3c986b6c988c26,0x9ec1c3dcf667f2035fb4cd2eb42a1566fd54d2b7
0x9becbfea5054bf6e26c55ed8fa105e2119e2ca4f,2025-05-21 22:49,0x39da34b4e4f19eb03e1ce9ab1710c6934fa109f6f7ec6b9b4f3c986b6c988c26,0x9ec1c3dcf667f2035fb4cd2eb42a1566fd54d2b7
0x032439f417e933cdf2429f3c2c9f34d5e9f21a1d,2025-05-21 22:49,0x39da34b4e4f19eb03e1ce9ab1710c6934fa109f6f7ec6b9b4f3c986b6c988c26,0x9ec1c3dcf667f2035fb4cd2eb42a1566fd54d2b7
0x99001370cd58d26e1e1fe7bec8c589bcc558e556,2025-05-21 22:49,0x39da34b4e4f19eb03e1ce9ab1710c6934fa109f6f7ec6b9b4f3c986b6c988c26,0x9ec1c3dcf667f2035fb4cd2eb42a1566fd54d2b7
0xa77becb3a594141c8f9032787379cdbdea0b1f52,2025-05-21 22:49,0x39da34b4e4f19eb03e1ce9ab1710c6934fa109f6f7ec6b9b4f3c986b6c988c26,0x9ec1c3dcf667f2035fb4cd2eb42a1566fd54d2b7
0x7777c8e8254c3922f25c0a59a70ce38f2ff4781e,2025-05-21 22:49,0x39da34b4e4f19eb03e1ce9ab1710c6934fa109f6f7ec6b9b4f3c986b6c988c26,0x9ec1c3dcf667f2035fb4cd2eb42a1566fd54d2b7
0x3e954b39cb9190f89a4a8a52dac5f92e93c91928,2025-05-21 22:49,0x39da34b4e4f19eb03e1ce9ab1710c6934fa109f6f7ec6b9b4f3c986b6c988c26,0x9ec1c3dcf667f2035fb4cd2eb42a1566fd54d2b7
0x07ea37e4e4a3bfd3b3a99ae932a36a856d505773,2025-05-21 22:49,0x39da34b4e4f19eb03e1ce9ab1710c6934fa109f6f7ec6b9b4f3c986b6c988c26,0x9ec1c3dcf667f2035fb4cd2eb42a1566fd54d2b7
0x7952e2f40fd2b01f3b69bbabc7e4bb0d106317a7,2025-05-21 22:49,0x39da34b4e4f19eb03e1ce9ab1710c6934fa109f6f7ec6b9b4f3c986b6c988c26,0x9ec1c3dcf667f2035fb4cd2eb42a1566fd54d2b7
0x544d21408111a3ce126fea23464bdbcd84d5b55a,2025-05-21 22:49,0x39da34b4e4f19eb03e1ce9ab1710c6934fa109f6f7ec6b9b4f3c986b6c988c26,0x9ec1c3dcf667f2035fb4cd2eb42a1566fd54d2b7
0x44e9dfa2df57ea5693c18d98d3281262c48a754f,2025-05-21 22:49,0x39da34b4e4f19eb03e1ce9ab1710c6934fa109f6f7ec6b9b4f3c986b6c988c26,0x9ec1c3dcf667f2035fb4cd2eb42a1566fd54d2b7
0xda727fe8acb41a8ead93fbcf15ac637e929f1f0f,2025-05-21 22:49,0x39da34b4e4f19eb03e1ce9ab1710c6934fa109f6f7ec6b9b4f3c986b6c988c26,0x9ec1c3dcf667f2035fb4cd2eb42a1566fd54d2b7
0xe6fc160ff6dd5f963d1118add64d4b8ba922adff,2025-05-21 22:49,0x39da34b4e4f19eb03e1ce9ab1710c6934fa109f6f7ec6b9b4f3c986b6c988c26,0x9ec1c3dcf667f2035fb4cd2eb42a1566fd54d2b7
0x7d342cdac8fe194c33304332aa9e9bc79484b224,2025-05-21 22:49,0x39da34b4e4f19eb03e1ce9ab1710c6934fa109f6f7ec6b9b4f3c986b6c988c26,0x9ec1c3dcf667f2035fb4cd2eb42a1566fd54d2b7
0xeefdd3fbe6c0dbb50659fbe5f49c6f4d3ac11027,2025-05-21 22:49,0x39da34b4e4f19eb03e1ce9ab1710c6934fa109f6f7ec6b9b4f3c986b6c988c26,0x9ec1c3dcf667f2035fb4cd2eb42a1566fd54d2b7
